INSERT INTO user (name, email, github_id, created_date_time, avatar_url) VALUES ('hamill', 'hamill@naver.com', '100', '2020-06-11 01:17:32', 'https://cdn.pixabay.com/photo/2016/08/11/10/52/emoji-1585401_960_720.png');
INSERT INTO user (name, email, github_id, created_date_time, avatar_url) VALUES ('ragdoll', 'ragdoll@naver.com', '101', '2020-06-11 01:17:32', 'https://cdn.pixabay.com/photo/2017/09/16/21/31/emoji-2756891_960_720.png');
INSERT INTO user (name, email, github_id, created_date_time, avatar_url) VALUES ('ed', 'ed@naver.com', '102', '2020-06-11 01:17:32', 'https://cdn.pixabay.com/photo/2016/08/11/09/50/emoji-1585197_960_720.png');
INSERT INTO user (name, email, github_id, created_date_time, avatar_url) VALUES ('ellin', 'ellin@naver.com', '103', '2020-06-11 01:17:32', 'https://cdn.pixabay.com/photo/2019/02/19/19/45/thumbs-up-4007573_960_720.png');

INSERT INTO milestone (title, description, due_date, created_date_time, updated_date_time, progress) VALUES ('백엔드 1주차 마일스톤', 'DB 설계 이슈 목록 API 구현, 이슈 생성 API 구현', '2020-06-08', '2020-06-11 01:22:32', '2020-06-11 01:22:32', 33.333);
INSERT INTO milestone (title, description, due_date, created_date_time, updated_date_time, progress) VALUES ('FE WEEK1', '', '2020-06-12', '2020-06-08 01:22:32', '2020-06-13 01:22:32', 50.00);
INSERT INTO milestone (title, description, due_date, created_date_time, updated_date_time, progress) VALUES ('FE WEEK2', '', '2020-06-19', '2020-06-09 01:22:32', '2020-06-20 01:22:32', 100.00);
INSERT INTO milestone (title, description, due_date, created_date_time, updated_date_time, progress) VALUES ('FE WEEK3', '', '2020-06-26', '2020-06-10 01:22:32', '2020-06-27 01:22:32', 0.00);

INSERT INTO label (name, description, background_color, color) VALUES ('BE', '백엔드 이슈', '#ddc452', '#000000');
INSERT INTO label (name, description, background_color, color) VALUES ('bug', 'Something isnt working.', '#d73a4a', '#ffffff');
INSERT INTO label (name, description, background_color, color) VALUES ('documentation', 'Improvements or additions to documentation', '#0075ca', '#ffffff');
INSERT INTO label (name, description, background_color, color) VALUES ('duplicate', 'This issue or pull request already exists', '#cfd3d7', '#000000');
INSERT INTO label (name, description, background_color, color) VALUES ('enhancement', 'New feature or request', '#eeeeee', '#nnnnnn');
INSERT INTO label (name, description, background_color, color) VALUES ('FE', '프론트엔드 이슈', '#d4c5f9', '#000000');
INSERT INTO label (name, description, background_color, color) VALUES ('FE리뷰요청', '프론트엔드 리뷰요청.', '#ff0ab5', '#000000');
INSERT INTO label (name, description, background_color, color) VALUES ('good first issue', 'Good for newcomers', '#7057ff', '#ffffff');
INSERT INTO label (name, description, background_color, color) VALUES ('help wanted', 'Extra attention is needed', '#008672', '#ffffff');
INSERT INTO label (name, description, background_color, color) VALUES ('invalid', 'This doesnt seem right', '#e4e669', '#000000');
INSERT INTO label (name, description, background_color, color) VALUES ('question', 'Further information is requested', '#d876e3', '#000000');
INSERT INTO label (name, description, background_color, color) VALUES ('wontfix', 'This will not be worked on', '#ffffff', '#000000');

INSERT INTO issue (id, title, created_date_time, is_opened, user_id, milestone_id) VALUES (1, '[BE] DB 설계 및 테이블 작성', '2020-06-11 01:28:30', true, 1, 1);
INSERT INTO issue (id, title, created_date_time, is_opened, user_id, milestone_id) VALUES (2, '[FE] 이슈목록 / 필터 초기화 버튼 UI', '2020-06-11 01:28:30', true, 3, 2);
INSERT INTO issue (id, title, created_date_time, is_opened, user_id, milestone_id) VALUES (3, '[FE] 로그인 / 화면 전체 UI', '2020-06-11 01:28:30', true, 4, 3);
INSERT INTO issue (id, title, created_date_time, is_opened, user_id, milestone_id) VALUES (4, '[FE] 이슈목록 / 필터 결과 없음 UI', '2020-06-11 01:28:30', true, 3, 2);
INSERT INTO issue (id, title, created_date_time, is_opened, user_id, milestone_id) VALUES (5, '[FE] 로그인 / Github OAuth 통신', '2020-06-11 01:28:30', true, 4, 2);
INSERT INTO issue (id, title, created_date_time, is_opened, user_id, milestone_id) VALUES (6, '[BE] 이슈 목록 API 구현', '2020-06-11 01:28:30', true, 2, 1);
INSERT INTO issue (id, title, created_date_time, is_opened, user_id, milestone_id) VALUES (7, '[BE] 이슈 생성 API 구현', '2020-06-11 01:28:30', true, 2, 1);
INSERT INTO issue (id, title, created_date_time, is_opened, user_id, milestone_id) VALUES (8, '[BE] 이슈 상세 정보 보기 API 구현', '2020-06-11 01:28:30', true, 2, 1);
INSERT INTO issue (id, title, created_date_time, is_opened, user_id, milestone_id) VALUES (9, '[BE] 이슈 제목 수정 API 구현', '2020-06-11 01:28:30', true, 2, 1);
INSERT INTO issue (id, title, created_date_time, is_opened, user_id, milestone_id) VALUES (10, '[BE] 이슈 Open / Closed 수정 API 구현', '2020-06-11 01:28:30', true, 2, 1);
INSERT INTO issue (id, title, created_date_time, is_opened, user_id, milestone_id) VALUES (11, '[BE] 이슈 Assignees 추가 / 수정 API 구현', '2020-06-11 01:28:30', true, 2, 1);
INSERT INTO issue (id, title, created_date_time, is_opened, user_id, milestone_id) VALUES (12, '[BE] 이슈 Labels 추가 / 수정 API 구현', '2020-06-11 01:28:30', true, 2, 1);
INSERT INTO issue (id, title, created_date_time, is_opened, user_id, milestone_id) VALUES (13, '[BE] 이슈 마일스톤 추가 / 수정 API 구현', '2020-06-11 01:28:30', true, 2, 1);
INSERT INTO issue (id, title, created_date_time, is_opened, user_id, milestone_id) VALUES (14, '[BE] 코멘트 등록 API 구현', '2020-06-11 01:28:30', true, 2, 1);
INSERT INTO issue (id, title, created_date_time, is_opened, user_id, milestone_id) VALUES (15, '[BE] 코멘트 수정 API 구현', '2020-06-11 01:28:30', true, 2, 1);
INSERT INTO issue (id, title, created_date_time, is_opened, user_id, milestone_id) VALUES (16, '[BE] 레이블 목록 요청 API 구현', '2020-06-11 01:28:30', true, 2, 1);
INSERT INTO issue (id, title, created_date_time, is_opened, user_id, milestone_id) VALUES (17, '[BE] 레이블 등록 API 구현', '2020-06-11 01:28:30', true, 2, 1);
INSERT INTO issue (id, title, created_date_time, is_opened, user_id, milestone_id) VALUES (18, '[BE] 레이블 수정 API 구현', '2020-06-11 01:28:30', true, 2, 1);
INSERT INTO issue (id, title, created_date_time, is_opened, user_id, milestone_id) VALUES (19, '[BE] 레이블 삭제 API 구현', '2020-06-11 01:28:30', true, 2, 1);
INSERT INTO issue (id, title, created_date_time, is_opened, user_id, milestone_id) VALUES (20, '[BE] 마일스톤 목록 요청 API 구현', '2020-06-11 01:28:30', true, 2, 1);
INSERT INTO issue (id, title, created_date_time, is_opened, user_id, milestone_id) VALUES (21, '[BE] 마일스톤 등록 API 구현', '2020-06-11 01:28:30', true, 2, 1);
INSERT INTO issue (id, title, created_date_time, is_opened, user_id, milestone_id) VALUES (22, '[BE] 마일스톤 수정 API 구현', '2020-06-11 01:28:30', true, 2, 1);
INSERT INTO issue (id, title, created_date_time, is_opened, user_id, milestone_id) VALUES (23, '[BE] 마일스톤 삭제 API 구현', '2020-06-11 01:28:30', true, 2, 1);
INSERT INTO issue (id, title, created_date_time, is_opened, user_id, milestone_id) VALUES (24, '[BE] 이슈 필터링 API 구현', '2020-06-11 01:28:30', true, 2, 1);
INSERT INTO issue (id, title, created_date_time, is_opened, user_id, milestone_id) VALUES (25, '[FE] 레이블 목록 / 네비게이션 UI', '2020-06-11 01:28:30', true, 4, 2);
INSERT INTO issue (id, title, created_date_time, is_opened, user_id, milestone_id) VALUES (26, '[FE] 레이블 목록 / 레이블 테이블 UI', '2020-06-11 01:28:30', true, 4, 3);
INSERT INTO issue (id, title, created_date_time, is_opened, user_id, milestone_id) VALUES (27, '[FE] 레이블 목록 / 레이블 추가 UI', '2020-06-11 01:28:30', true, 4, 2);
INSERT INTO issue (id, title, created_date_time, is_opened, user_id, milestone_id) VALUES (28, '[FE] 병합 충돌 수정', '2020-06-11 01:28:30', true, 4, 3);
INSERT INTO issue (id, title, created_date_time, is_opened, user_id, milestone_id) VALUES (29, '[FE] 이슈 리스트 시간 표시', '2020-06-11 01:28:30', true, 4, 4);
INSERT INTO issue (id, title, created_date_time, is_opened, user_id, milestone_id) VALUES (30, '[FE] 헤더 프로필', '2020-06-11 01:28:30', true, 4, 4);

INSERT INTO issue_has_label (label_id, issue_id) VALUES (1, 1);
INSERT INTO issue_has_label (label_id, issue_id) VALUES (6, 2);
INSERT INTO issue_has_label (label_id, issue_id) VALUES (6, 3);
INSERT INTO issue_has_label (label_id, issue_id) VALUES (6, 4);
INSERT INTO issue_has_label (label_id, issue_id) VALUES (6, 5);

INSERT INTO issue_has_label (label_id, issue_id) VALUES (1, 6);
INSERT INTO issue_has_label (label_id, issue_id) VALUES (1, 7);
INSERT INTO issue_has_label (label_id, issue_id) VALUES (2, 7);
INSERT INTO issue_has_label (label_id, issue_id) VALUES (3, 7);
INSERT INTO issue_has_label (label_id, issue_id) VALUES (1, 8);
INSERT INTO issue_has_label (label_id, issue_id) VALUES (1, 9);
INSERT INTO issue_has_label (label_id, issue_id) VALUES (1, 10);
INSERT INTO issue_has_label (label_id, issue_id) VALUES (1, 11);
INSERT INTO issue_has_label (label_id, issue_id) VALUES (1, 12);
INSERT INTO issue_has_label (label_id, issue_id) VALUES (1, 13);
INSERT INTO issue_has_label (label_id, issue_id) VALUES (1, 14);
INSERT INTO issue_has_label (label_id, issue_id) VALUES (1, 15);
INSERT INTO issue_has_label (label_id, issue_id) VALUES (1, 16);
INSERT INTO issue_has_label (label_id, issue_id) VALUES (1, 17);
INSERT INTO issue_has_label (label_id, issue_id) VALUES (1, 18);
INSERT INTO issue_has_label (label_id, issue_id) VALUES (1, 19);
INSERT INTO issue_has_label (label_id, issue_id) VALUES (1, 20);
INSERT INTO issue_has_label (label_id, issue_id) VALUES (1, 21);
INSERT INTO issue_has_label (label_id, issue_id) VALUES (1, 22);
INSERT INTO issue_has_label (label_id, issue_id) VALUES (1, 23);
INSERT INTO issue_has_label (label_id, issue_id) VALUES (1, 24);
INSERT INTO issue_has_label (label_id, issue_id) VALUES (6, 25);
INSERT INTO issue_has_label (label_id, issue_id) VALUES (6, 26);
INSERT INTO issue_has_label (label_id, issue_id) VALUES (6, 27);
INSERT INTO issue_has_label (label_id, issue_id) VALUES (6, 28);
INSERT INTO issue_has_label (label_id, issue_id) VALUES (2, 28);
INSERT INTO issue_has_label (label_id, issue_id) VALUES (6, 29);
INSERT INTO issue_has_label (label_id, issue_id) VALUES (6, 30);

INSERT INTO assignee (issue_id, user_id) VALUES (1, 1);
INSERT INTO assignee (issue_id, user_id) VALUES (1, 2);
INSERT INTO assignee (issue_id, user_id) VALUES (2, 3);
INSERT INTO assignee (issue_id, user_id) VALUES (2, 4);
INSERT INTO assignee (issue_id, user_id) VALUES (3, 3);
INSERT INTO assignee (issue_id, user_id) VALUES (3, 4);
INSERT INTO assignee (issue_id, user_id) VALUES (4, 3);
INSERT INTO assignee (issue_id, user_id) VALUES (4, 4);
INSERT INTO assignee (issue_id, user_id) VALUES (5, 3);
INSERT INTO assignee (issue_id, user_id) VALUES (5, 4);
INSERT INTO assignee (issue_id, user_id) VALUES (6, 1);
INSERT INTO assignee (issue_id, user_id) VALUES (6, 2);
INSERT INTO assignee (issue_id, user_id) VALUES (7, 1);
INSERT INTO assignee (issue_id, user_id) VALUES (7, 2);
INSERT INTO assignee (issue_id, user_id) VALUES (8, 1);
INSERT INTO assignee (issue_id, user_id) VALUES (8, 2);
INSERT INTO assignee (issue_id, user_id) VALUES (9, 1);
INSERT INTO assignee (issue_id, user_id) VALUES (9, 2);
INSERT INTO assignee (issue_id, user_id) VALUES (10, 1);
INSERT INTO assignee (issue_id, user_id) VALUES (10, 2);
INSERT INTO assignee (issue_id, user_id) VALUES (11, 1);
INSERT INTO assignee (issue_id, user_id) VALUES (11, 2);
INSERT INTO assignee (issue_id, user_id) VALUES (12, 1);
INSERT INTO assignee (issue_id, user_id) VALUES (12, 2);
INSERT INTO assignee (issue_id, user_id) VALUES (13, 1);
INSERT INTO assignee (issue_id, user_id) VALUES (13, 2);
INSERT INTO assignee (issue_id, user_id) VALUES (14, 1);
INSERT INTO assignee (issue_id, user_id) VALUES (14, 2);
INSERT INTO assignee (issue_id, user_id) VALUES (15, 1);
INSERT INTO assignee (issue_id, user_id) VALUES (15, 2);
INSERT INTO assignee (issue_id, user_id) VALUES (16, 1);
INSERT INTO assignee (issue_id, user_id) VALUES (16, 2);
INSERT INTO assignee (issue_id, user_id) VALUES (17, 1);
INSERT INTO assignee (issue_id, user_id) VALUES (17, 2);
INSERT INTO assignee (issue_id, user_id) VALUES (18, 1);
INSERT INTO assignee (issue_id, user_id) VALUES (18, 2);
INSERT INTO assignee (issue_id, user_id) VALUES (19, 1);
INSERT INTO assignee (issue_id, user_id) VALUES (19, 2);
INSERT INTO assignee (issue_id, user_id) VALUES (20, 1);
INSERT INTO assignee (issue_id, user_id) VALUES (20, 2);
INSERT INTO assignee (issue_id, user_id) VALUES (21, 1);
INSERT INTO assignee (issue_id, user_id) VALUES (21, 2);
INSERT INTO assignee (issue_id, user_id) VALUES (22, 1);
INSERT INTO assignee (issue_id, user_id) VALUES (22, 2);
INSERT INTO assignee (issue_id, user_id) VALUES (23, 1);
INSERT INTO assignee (issue_id, user_id) VALUES (23, 2);
INSERT INTO assignee (issue_id, user_id) VALUES (24, 1);
INSERT INTO assignee (issue_id, user_id) VALUES (24, 2);
INSERT INTO assignee (issue_id, user_id) VALUES (25, 3);
INSERT INTO assignee (issue_id, user_id) VALUES (25, 4);
INSERT INTO assignee (issue_id, user_id) VALUES (26, 3);
INSERT INTO assignee (issue_id, user_id) VALUES (26, 4);
INSERT INTO assignee (issue_id, user_id) VALUES (27, 3);
INSERT INTO assignee (issue_id, user_id) VALUES (27, 4);
INSERT INTO assignee (issue_id, user_id) VALUES (28, 3);
INSERT INTO assignee (issue_id, user_id) VALUES (28, 4);
INSERT INTO assignee (issue_id, user_id) VALUES (29, 3);
INSERT INTO assignee (issue_id, user_id) VALUES (29, 4);
INSERT INTO assignee (issue_id, user_id) VALUES (30, 3);
INSERT INTO assignee (issue_id, user_id) VALUES (30, 4);
